Name,x,y,z,vx,vy,vz,Mass,Radius,sx,sy,sz
SA1,-95643466707,-9955225453,-8469093529,-17966.68298,-70248.9925,-40106.71202,2.90E+24,4020253.678,0,0,7.96E-05
SA2,6115327320,-7445764970,1691166738,8629.03068,-12453.66437,28706.55623,6.70E+24,4626639.025,0,0,7.96E-05
SA3,3.41E+11,3019611419,9134125314,2358.759086,94506.659716,12637.75099,4.80E+24,232300.352,0,0,7.96E-05
